,Symbol,Name,LastSale,MarketCap,IPOyear,Sector,industry,Summary Quote,Unnamed: 8
0,MMM,3M Company,196.73,1154000000000.0,,Health Care,Medical/Dental Instruments,https://www.nasdaq.com/symbol/mmm,
1,ABT,Abbott Laboratories,68.38,11996000000000.0,,Health Care,Major Pharmaceuticals,https://www.nasdaq.com/symbol/abt,
2,ABBV,AbbVie Inc.,90.7,13734000000000.0,2012.0,Health Care,Major Pharmaceuticals,https://www.nasdaq.com/symbol/abbv,
3,ACN,Accenture plc,156.0,9982000000000.0,2001.0,Miscellaneous,Business Services,https://www.nasdaq.com/symbol/acn,
4,AYI,Acuity Brands Inc,119.44,48000000000.0,,Consumer Durables,Building Products,https://www.nasdaq.com/symbol/ayi,
5,AAP,Advance Auto Parts Inc,161.04,1193000000000.0,,Consumer Services,Other Specialty Stores,https://www.nasdaq.com/symbol/aap,
6,AET,Aetna Inc.,198.95,6514000000000.0,,Health Care,Medical Specialities,https://www.nasdaq.com/symbol/aet,
7,AMG,"Affiliated Managers Group, Inc.",123.19,658000000000.0,,Finance,Investment Managers,https://www.nasdaq.com/symbol/amg,
8,AFL,Aflac Incorporated,44.49,3416000000000.0,,Finance,Accident &Health Insurance,https://www.nasdaq.com/symbol/afl,
9,A,"Agilent Technologies, Inc.",64.89,2068000000000.0,1999.0,Capital Goods,Biotechnology: Laboratory Analytical Instruments,https://www.nasdaq.com/symbol/a,
10,APD,"Air Products and Chemicals, Inc.",157.09,3445000000000.0,,Basic Industries,Major Chemicals,https://www.nasdaq.com/symbol/apd,
11,ALK,"Alaska Air Group, Inc.",59.81,737000000000.0,,Transportation,Air Freight/Delivery Services,https://www.nasdaq.com/symbol/alk,
12,ALB,Albemarle Corporation,94.36,1023000000000.0,,Basic Industries,Major Chemicals,https://www.nasdaq.com/symbol/alb,
13,ARE,"Alexandria Real Estate Equities, Inc.",119.79,1267000000000.0,,Consumer Services,Real Estate Investment Trusts,https://www.nasdaq.com/symbol/are,
14,ALLE,Allegion plc,82.76,786000000000.0,2013.0,Consumer Services,Diversified Commercial Services,https://www.nasdaq.com/symbol/alle,
15,AGN,Allergan plc.,182.22,6185000000000.0,2013.0,Health Care,Major Pharmaceuticals,https://www.nasdaq.com/symbol/agn,
16,ADS,Alliance Data Systems Corporation,211.69,1163000000000.0,2001.0,Miscellaneous,Business Services,https://www.nasdaq.com/symbol/ads,
17,LNT,Alliant Energy Corporation,42.62,996000000000.0,,Public Utilities,Power Generation,https://www.nasdaq.com/symbol/lnt,
18,ALL,Allstate Corporation (The),93.17,3226000000000.0,,Finance,Property-Casualty Insurers,https://www.nasdaq.com/symbol/all,
19,MO,Altria Group,61.12,11522000000000.0,,Consumer Non-Durables,Farming/Seeds/Milling,https://www.nasdaq.com/symbol/mo,
20,AEE,Ameren Corporation,64.04,1563000000000.0,,Public Utilities,Power Generation,https://www.nasdaq.com/symbol/aee,
21,AEP,"American Electric Power Company, Inc.",71.22,3511000000000.0,,Public Utilities,Electric Utilities: Central,https://www.nasdaq.com/symbol/aep,
22,AXP,American Express Company,101.58,8747000000000.0,,Finance,Finance: Consumer Services,https://www.nasdaq.com/symbol/axp,
23,AIG,"American International Group, Inc.",50.14,4455000000000.0,,Finance,Property-Casualty Insurers,https://www.nasdaq.com/symbol/aig,
24,AMT,American Tower Corporation (REIT),140.68,6202000000000.0,,Consumer Services,Real Estate Investment Trusts,https://www.nasdaq.com/symbol/amt,
25,AWK,American Water Works,87.45,1578000000000.0,2008.0,Public Utilities,Water Supply,https://www.nasdaq.com/symbol/awk,
26,AMP,"AMERIPRISE FINANCIAL SERVICES, INC.",135.38,1921000000000.0,,Finance,Investment Managers,https://www.nasdaq.com/symbol/amp,
27,ABC,AmerisourceBergen Corporation (Holding Co),87.31,1889000000000.0,,Health Care,Other Pharmaceuticals,https://www.nasdaq.com/symbol/abc,
28,APH,Amphenol Corporation,84.26,2531000000000.0,,Capital Goods,Electrical Products,https://www.nasdaq.com/symbol/aph,
29,AME,"AMTEK, Inc.",71.85,1666000000000.0,,Consumer Durables,Metal Fabrications,https://www.nasdaq.com/symbol/ame,
30,APC,Anadarko Petroleum Corporation,66.28,3394000000000.0,,Energy,Oil & Gas Production,https://www.nasdaq.com/symbol/apc,
31,ANTM,"Anthem, Inc.",268.52,698000000000.0,,Health Care,Medical Specialities,https://www.nasdaq.com/symbol/antm,
32,AON,Aon plc,148.22,3597000000000.0,,Finance,Specialty Insurers,https://www.nasdaq.com/symbol/aon,
33,APA,Apache Corporation,44.63,1707000000000.0,,Energy,Oil & Gas Production,https://www.nasdaq.com/symbol/apa,
34,AIV,Apartment Investment and Management Company,42.13,663000000000.0,1994.0,Consumer Services,Real Estate Investment Trusts,https://www.nasdaq.com/symbol/aiv,
35,APTV,Aptiv PLC,73.92,1957000000000.0,2011.0,Capital Goods,Auto Parts:O.E.M.,https://www.nasdaq.com/symbol/aptv,
36,ADM,Archer-Daniels-Midland Company,48.67,2724000000000.0,,Consumer Non-Durables,Packaged Foods,https://www.nasdaq.com/symbol/adm,
37,ARNC,Arconic Inc.,21.17,1022000000000.0,,Capital Goods,Metal Fabrications,https://www.nasdaq.com/symbol/arnc,
38,AJG,Arthur J. Gallagher & Co.,71.29,1302000000000.0,,Finance,Specialty Insurers,https://www.nasdaq.com/symbol/ajg,
39,AIZ,"Assurant, Inc.",103.15,645000000000.0,2004.0,Finance,Accident &Health Insurance,https://www.nasdaq.com/symbol/aiz,
40,T,AT&T Inc.,31.75,23057000000000.0,,Public Utilities,Telecommunications Equipment,https://www.nasdaq.com/symbol/t,
41,AZO,"AutoZone, Inc.",769.01,198000000000.0,,Consumer Services,Other Specialty Stores,https://www.nasdaq.com/symbol/azo,
42,AVB,"AvalonBay Communities, Inc.",173.19,2394000000000.0,,Consumer Services,Real Estate Investment Trusts,https://www.nasdaq.com/symbol/avb,
43,AVY,Avery Dennison Corporation,97.19,85000000000.0,,Consumer Durables,Containers/Packaging,https://www.nasdaq.com/symbol/avy,
44,BHGE,"Baker Hughes, a GE company",30.66,3371000000000.0,2017.0,Energy,Metal Fabrications,https://www.nasdaq.com/symbol/bhge,
45,BLL,Ball Corporation,43.51,1496000000000.0,,Consumer Durables,Containers/Packaging,https://www.nasdaq.com/symbol/bll,
46,BAC,Bank of America Corporation,28.36,2832000000000.0,,Finance,Major Banks,https://www.nasdaq.com/symbol/bac,
47,BK,Bank Of New York Mellon Corporation (The),49.19,4919000000000.0,,Finance,Major Banks,https://www.nasdaq.com/symbol/bk,
48,BAX,Baxter International Inc.,70.17,3749000000000.0,,Health Care,Medical/Dental Instruments,https://www.nasdaq.com/symbol/bax,
49,BBT,BB&T Corporation,47.44,3674000000000.0,,Finance,Major Banks,https://www.nasdaq.com/symbol/bbt,
50,BDX,"Becton, Dickinson and Company",238.49,6381000000000.0,,Health Care,Medical/Dental Instruments,https://www.nasdaq.com/symbol/bdx,
51,BRK.B,Berkshire Hathaway Inc.,,,,,,https://www.nasdaq.com/symbol/brk.b,
52,BBY,"Best Buy Co., Inc.",70.75,1942000000000.0,,Consumer Services,Consumer Electronics/Video Chains,https://www.nasdaq.com/symbol/bby,
53,BLK,"BlackRock, Inc.",417.68,6706000000000.0,1999.0,Finance,Investment Bankers/Brokers/Service,https://www.nasdaq.com/symbol/blk,
54,BA,Boeing Company (The),358.11,20574000000000.0,,Capital Goods,Aerospace,https://www.nasdaq.com/symbol/ba,
55,BWA,BorgWarner Inc.,37.87,791000000000.0,,Capital Goods,Auto Parts:O.E.M.,https://www.nasdaq.com/symbol/bwa,
56,BXP,"Boston Properties, Inc.",114.37,1766000000000.0,1997.0,Consumer Services,Real Estate Investment Trusts,https://www.nasdaq.com/symbol/bxp,
57,BSX,Boston Scientific Corporation,36.0,4979000000000.0,,Health Care,Medical/Dental Instruments,https://www.nasdaq.com/symbol/bsx,
58,BMY,Bristol-Myers Squibb Company,57.5,9383000000000.0,,Health Care,Major Pharmaceuticals,https://www.nasdaq.com/symbol/bmy,
59,BF.B,Brown Forman Corporation,,,,,,https://www.nasdaq.com/symbol/bf.b,
60,COG,Cabot Oil & Gas Corporation,23.19,1023000000000.0,1990.0,Energy,Oil & Gas Production,https://www.nasdaq.com/symbol/cog,
61,CPB,Campbell Soup Company,37.14,1117000000000.0,,Consumer Non-Durables,Packaged Foods,https://www.nasdaq.com/symbol/cpb,
62,COF,Capital One Financial Corporation,90.94,4351000000000.0,1994.0,Finance,Major Banks,https://www.nasdaq.com/symbol/cof,
63,CAH,"Cardinal Health, Inc.",51.53,1545000000000.0,,Health Care,Other Pharmaceuticals,https://www.nasdaq.com/symbol/cah,
64,KMX,CarMax Inc,67.85,1185000000000.0,,Consumer Durables,Automotive Aftermarket,https://www.nasdaq.com/symbol/kmx,
65,CCL,Carnival Corporation,57.85,4195000000000.0,1987.0,Consumer Services,Marine Transportation,https://www.nasdaq.com/symbol/ccl,
66,CAT,"Caterpillar, Inc.",140.97,8378000000000.0,,Capital Goods,Construction/Ag Equipment/Trucks,https://www.nasdaq.com/symbol/cat,
67,CBS,CBS Corporation,53.82,2024000000000.0,,Consumer Services,Broadcasting,https://www.nasdaq.com/symbol/cbs,
68,CNC,Centene Corporation,138.93,2852000000000.0,,Health Care,Medical Specialities,https://www.nasdaq.com/symbol/cnc,
69,CNP,"CenterPoint Energy, Inc.",27.15,1361000000000.0,,Public Utilities,Electric Utilities: Central,https://www.nasdaq.com/symbol/cnp,
70,CTL,"CenturyLink, Inc.",20.14,2175000000000.0,,Public Utilities,Telecommunications Equipment,https://www.nasdaq.com/symbol/ctl,
71,CF,"CF Industries Holdings, Inc.",51.13,1194000000000.0,2005.0,Basic Industries,Agricultural Chemicals,https://www.nasdaq.com/symbol/cf,
72,CHK,Chesapeake Energy Corporation,4.37,399000000000.0,,Energy,Oil & Gas Production,https://www.nasdaq.com/symbol/chk,
73,CVX,Chevron Corporation,118.43,22693000000000.0,,Energy,Integrated oil Companies,https://www.nasdaq.com/symbol/cvx,
74,CMG,"Chipotle Mexican Grill, Inc.",433.93,1207000000000.0,2006.0,Consumer Services,Restaurants,https://www.nasdaq.com/symbol/cmg,
75,CB,Chubb Limited,126.82,5847000000000.0,,Finance,Property-Casualty Insurers,https://www.nasdaq.com/symbol/cb,
76,CHD,"Church & Dwight Company, Inc.",54.87,1347000000000.0,,Basic Industries,Package Goods/Cosmetics,https://www.nasdaq.com/symbol/chd,
77,CI,Cigna Corporation,206.0,5013000000000.0,,Health Care,Medical Specialities,https://www.nasdaq.com/symbol/ci,
78,XEC,Cimarex Energy Co,94.56,902000000000.0,,Energy,Oil & Gas Production,https://www.nasdaq.com/symbol/xec,
79,C,Citigroup Inc.,68.38,17209000000000.0,,Finance,Major Banks,https://www.nasdaq.com/symbol/c,
80,CFG,"Citizens Financial Group, Inc.",36.99,1761000000000.0,2014.0,Finance,Major Banks,https://www.nasdaq.com/symbol/cfg,
81,CLX,Clorox Company (The),142.18,1816000000000.0,,Consumer Durables,Specialty Chemicals,https://www.nasdaq.com/symbol/clx,
82,CMS,CMS Energy Corporation,49.21,1394000000000.0,,Public Utilities,Power Generation,https://www.nasdaq.com/symbol/cms,
83,KO,Coca-Cola Company (The),44.64,18985000000000.0,,Consumer Non-Durables,Beverages (Production/Distribution),https://www.nasdaq.com/symbol/ko,
84,CL,Colgate-Palmolive Company,62.35,541000000000.0,,Consumer Non-Durables,Package Goods/Cosmetics,https://www.nasdaq.com/symbol/cl,
85,CMA,Comerica Incorporated,85.8,1471000000000.0,,Finance,Major Banks,https://www.nasdaq.com/symbol/cma,
86,CAG,"ConAgra Brands, Inc.",34.87,1366000000000.0,,Consumer Non-Durables,Packaged Foods,https://www.nasdaq.com/symbol/cag,
87,CXO,Concho Resources Inc.,150.56,3015000000000.0,2007.0,Energy,Oil & Gas Production,https://www.nasdaq.com/symbol/cxo,
88,COP,ConocoPhillips,72.79,8459000000000.0,,Energy,Integrated oil Companies,https://www.nasdaq.com/symbol/cop,
89,ED,Consolidated Edison Inc,76.05,2366000000000.0,,Public Utilities,Power Generation,https://www.nasdaq.com/symbol/ed,
90,STZ,Constellation Brands Inc,217.77,4126000000000.0,,Consumer Non-Durables,Beverages (Production/Distribution),https://www.nasdaq.com/symbol/stz,
91,GLW,Corning Incorporated,31.34,2539000000000.0,,Basic Industries,Telecommunications Equipment,https://www.nasdaq.com/symbol/glw,
92,COTY,Coty Inc.,11.13,836000000000.0,2013.0,Consumer Non-Durables,Package Goods/Cosmetics,https://www.nasdaq.com/symbol/coty,
93,CCI,Crown Castle International Corporation,105.28,4367000000000.0,,Consumer Services,Real Estate Investment Trusts,https://www.nasdaq.com/symbol/cci,
94,CMI,Cummins Inc.,145.47,2376000000000.0,,Energy,Industrial Machinery/Components,https://www.nasdaq.com/symbol/cmi,
95,CVS,CVS Health Corporation,73.19,7451000000000.0,,Health Care,Medical/Nursing Services,https://www.nasdaq.com/symbol/cvs,
96,DHI,"D.R. Horton, Inc.",37.92,143000000000.0,,Capital Goods,Homebuilding,https://www.nasdaq.com/symbol/dhi,
97,DHR,Danaher Corporation,101.27,7086000000000.0,,Capital Goods,Industrial Machinery/Components,https://www.nasdaq.com/symbol/dhr,
98,DRI,"Darden Restaurants, Inc.",104.05,1291000000000.0,,Consumer Services,Restaurants,https://www.nasdaq.com/symbol/dri,
99,DVA,DaVita Inc.,70.17,1171000000000.0,,Health Care,Hospital/Nursing Management,https://www.nasdaq.com/symbol/dva,
100,DE,Deere & Company,146.47,4712000000000.0,,Capital Goods,Industrial Machinery/Components,https://www.nasdaq.com/symbol/de,
101,DAL,"Delta Air Lines, Inc.",51.48,3559000000000.0,,Transportation,Air Freight/Delivery Services,https://www.nasdaq.com/symbol/dal,
102,DVN,Devon Energy Corporation,36.04,1834000000000.0,,Energy,Oil & Gas Production,https://www.nasdaq.com/symbol/dvn,
103,DLR,"Digital Realty Trust, Inc.",107.5,2321000000000.0,2004.0,Consumer Services,Real Estate Investment Trusts,https://www.nasdaq.com/symbol/dlr,
104,DFS,Discover Financial Services,74.18,2542000000000.0,,Finance,Finance: Consumer Services,https://www.nasdaq.com/symbol/dfs,
105,DG,Dollar General Corporation,101.96,2707000000000.0,2009.0,Consumer Services,Department/Specialty Retail Stores,https://www.nasdaq.com/symbol/dg,
106,D,"Dominion Energy, Inc.",71.78,4693000000000.0,,Public Utilities,Electric Utilities: Central,https://www.nasdaq.com/symbol/d,
107,DOV,Dover Corporation,81.34,1201000000000.0,,Technology,Industrial Machinery/Components,https://www.nasdaq.com/symbol/dov,
108,DWDP,DowDuPont Inc.,58.98,13609000000000.0,2017.0,Basic Industries,Major Chemicals,https://www.nasdaq.com/symbol/dwdp,
109,DTE,DTE Energy Company,110.58,201000000000.0,,Public Utilities,Electric Utilities: Central,https://www.nasdaq.com/symbol/dte,
110,DUK,Duke Energy Corporation,79.98,5697000000000.0,,Public Utilities,Power Generation,https://www.nasdaq.com/symbol/duk,
111,DRE,Duke Realty Corporation,26.84,959000000000.0,,Consumer Services,Real Estate Investment Trusts,https://www.nasdaq.com/symbol/dre,
112,DXC,DXC Technology Company,85.87,2414000000000.0,,Technology,EDP Services,https://www.nasdaq.com/symbol/dxc,
113,EMN,Eastman Chemical Company,82.05,1159000000000.0,,Basic Industries,Major Chemicals,https://www.nasdaq.com/symbol/emn,
114,ETN,"Eaton Corporation, PLC",79.53,3446000000000.0,,Technology,Industrial Machinery/Components,https://www.nasdaq.com/symbol/etn,
115,ECL,Ecolab Inc.,145.95,4217000000000.0,,Basic Industries,Package Goods/Cosmetics,https://www.nasdaq.com/symbol/ecl,
116,EIX,Edison International,68.41,2229000000000.0,,Public Utilities,Electric Utilities: Central,https://www.nasdaq.com/symbol/eix,
117,EW,Edwards Lifesciences Corporation,139.77,2927000000000.0,,Health Care,Industrial Specialties,https://www.nasdaq.com/symbol/ew,
118,LLY,Eli Lilly and Company,107.91,11589000000000.0,,Health Care,Major Pharmaceuticals,https://www.nasdaq.com/symbol/lly,
119,EMR,Emerson Electric Company,71.2,4475000000000.0,,Energy,Consumer Electronics/Appliances,https://www.nasdaq.com/symbol/emr,
120,ETR,Entergy Corporation,81.2,1469000000000.0,,Public Utilities,Electric Utilities: Central,https://www.nasdaq.com/symbol/etr,
121,EOG,"EOG Resources, Inc.",121.62,7044000000000.0,,Energy,Oil & Gas Production,https://www.nasdaq.com/symbol/eog,
122,EQT,EQT Corporation,45.35,1197000000000.0,,Energy,Oil & Gas Production,https://www.nasdaq.com/symbol/eqt,
123,EFX,"Equifax, Inc.",118.52,1427000000000.0,,Finance,Finance: Consumer Services,https://www.nasdaq.com/symbol/efx,
124,EQR,Equity Residential,62.87,2315000000000.0,,Consumer Services,Real Estate Investment Trusts,https://www.nasdaq.com/symbol/eqr,
125,ESS,"Essex Property Trust, Inc.",239.69,1583000000000.0,1994.0,Consumer Services,Real Estate Investment Trusts,https://www.nasdaq.com/symbol/ess,
126,EL,"Estee Lauder Companies, Inc. (The)",128.08,4693000000000.0,1995.0,Consumer Non-Durables,Package Goods/Cosmetics,https://www.nasdaq.com/symbol/el,
127,RE,"Everest Re Group, Ltd.",215.0,878000000000.0,,Finance,Property-Casualty Insurers,https://www.nasdaq.com/symbol/re,
128,ES,Eversource Energy,61.68,1955000000000.0,,Public Utilities,Electric Utilities: Central,https://www.nasdaq.com/symbol/es,
129,EXC,Exelon Corporation,42.73,4127000000000.0,,Public Utilities,Power Generation,https://www.nasdaq.com/symbol/exc,
130,EXR,Extra Space Storage Inc,84.61,107000000000.0,2004.0,Consumer Services,Real Estate Investment Trusts,https://www.nasdaq.com/symbol/exr,
131,XOM,Exxon Mobil Corporation,81.6,34548000000000.0,,Energy,Integrated oil Companies,https://www.nasdaq.com/symbol/xom,
132,FRT,Federal Realty Investment Trust,119.21,876000000000.0,,Consumer Services,Real Estate Investment Trusts,https://www.nasdaq.com/symbol/frt,
133,FDX,FedEx Corporation,217.42,5729000000000.0,,Transportation,Air Freight/Delivery Services,https://www.nasdaq.com/symbol/fdx,
134,FIS,"Fidelity National Information Services, Inc.",101.17,3327000000000.0,,Miscellaneous,Business Services,https://www.nasdaq.com/symbol/fis,
135,FE,FirstEnergy Corp.,37.21,1808000000000.0,,Public Utilities,Electric Utilities: Central,https://www.nasdaq.com/symbol/fe,
136,FLS,Flowserve Corporation,49.42,647000000000.0,,Capital Goods,Fluid Controls,https://www.nasdaq.com/symbol/fls,
137,FLR,Fluor Corporation,46.53,654000000000.0,,Basic Industries,Military/Government/Technical,https://www.nasdaq.com/symbol/flr,
138,FMC,FMC Corporation,83.16,112000000000.0,,Basic Industries,Major Chemicals,https://www.nasdaq.com/symbol/fmc,
139,FL,"Foot Locker, Inc.",48.15,553000000000.0,,Consumer Services,Clothing/Shoe/Accessory Stores,https://www.nasdaq.com/symbol/fl,
140,F,Ford Motor Company,8.81,3511000000000.0,,Capital Goods,Auto Manufacturing,https://www.nasdaq.com/symbol/f,
141,FTV,Fortive Corporation,78.58,2619000000000.0,2016.0,Capital Goods,Industrial Machinery/Components,https://www.nasdaq.com/symbol/ftv,
142,FBHS,"Fortune Brands Home & Security, Inc.",48.0,684000000000.0,,Basic Industries,Homebuilding,https://www.nasdaq.com/symbol/fbhs,
143,BEN,"Franklin Resources, Inc.",28.54,1504000000000.0,,Finance,Investment Managers,https://www.nasdaq.com/symbol/ben,
144,FCX,"Freeport-McMoran, Inc.",13.23,1917000000000.0,,Basic Industries,Precious Metals,https://www.nasdaq.com/symbol/fcx,
145,GPS,"Gap, Inc. (The)",26.63,1024000000000.0,,Consumer Services,Clothing/Shoe/Accessory Stores,https://www.nasdaq.com/symbol/gps,
146,IT,"Gartner, Inc.",145.05,1317000000000.0,1993.0,Consumer Services,Other Consumer Services,https://www.nasdaq.com/symbol/it,
147,GD,General Dynamics Corporation,192.94,5716000000000.0,,Capital Goods,Marine Transportation,https://www.nasdaq.com/symbol/gd,
148,GE,General Electric Company,12.72,11055000000000.0,,Energy,Consumer Electronics/Appliances,https://www.nasdaq.com/symbol/ge,
149,GIS,"General Mills, Inc.",42.85,2555000000000.0,,Consumer Non-Durables,Packaged Foods,https://www.nasdaq.com/symbol/gis,
150,GM,General Motors Company,32.31,4559000000000.0,2010.0,Capital Goods,Auto Manufacturing,https://www.nasdaq.com/symbol/gm,
151,GPC,Genuine Parts Company,94.75,139000000000.0,,Capital Goods,Automotive Aftermarket,https://www.nasdaq.com/symbol/gpc,
152,GPN,Global Payments Inc.,112.78,1784000000000.0,,Miscellaneous,Business Services,https://www.nasdaq.com/symbol/gpn,
153,GS,"Goldman Sachs Group, Inc. (The)",212.97,8041000000000.0,1999.0,Finance,Investment Bankers/Brokers/Service,https://www.nasdaq.com/symbol/gs,
154,HRB,"H&R Block, Inc.",25.97,534000000000.0,,Consumer Services,Other Consumer Services,https://www.nasdaq.com/symbol/hrb,
155,HAL,Halliburton Company,39.75,3498000000000.0,,Energy,Oilfield Services/Equipment,https://www.nasdaq.com/symbol/hal,
156,HBI,Hanesbrands Inc.,16.17,583000000000.0,,Consumer Services,Clothing/Shoe/Accessory Stores,https://www.nasdaq.com/symbol/hbi,
157,HOG,"Harley-Davidson, Inc.",40.93,682000000000.0,,Consumer Non-Durables,Motor Vehicles,https://www.nasdaq.com/symbol/hog,
158,HRS,Harris Corporation,154.22,1812000000000.0,,Capital Goods,Industrial Machinery/Components,https://www.nasdaq.com/symbol/hrs,
159,HIG,"Hartford Financial Services Group, Inc. (The)",46.82,1678000000000.0,,Finance,Property-Casualty Insurers,https://www.nasdaq.com/symbol/hig,
160,HCA,"HCA Healthcare, Inc.",132.43,4583000000000.0,2011.0,Health Care,Hospital/Nursing Management,https://www.nasdaq.com/symbol/hca,
161,HCP,"HCP, Inc.",24.81,1166000000000.0,,Consumer Services,Real Estate Investment Trusts,https://www.nasdaq.com/symbol/hcp,
162,HP,"Helmerich & Payne, Inc.",68.24,743000000000.0,,Energy,Oil & Gas Production,https://www.nasdaq.com/symbol/hp,
163,HSY,Hershey Company (The),102.09,2137000000000.0,,Consumer Non-Durables,Specialty Foods,https://www.nasdaq.com/symbol/hsy,
164,HES,Hess Corporation,65.5,1963000000000.0,,Energy,Integrated oil Companies,https://www.nasdaq.com/symbol/hes,
165,HPE,Hewlett Packard Enterprise Company,14.63,2153000000000.0,2015.0,Technology,Computer Manufacturing,https://www.nasdaq.com/symbol/hpe,
166,HLT,Hilton Worldwide Holdings Inc.,73.1,218000000000.0,2016.0,Consumer Services,Hotels/Resorts,https://www.nasdaq.com/symbol/hlt,
167,HD,"Home Depot, Inc. (The)",189.74,21709000000000.0,,Consumer Services,RETAIL: Building Materials,https://www.nasdaq.com/symbol/hd,
168,HON,Honeywell International Inc.,153.62,11408000000000.0,,Capital Goods,Auto Parts:O.E.M.,https://www.nasdaq.com/symbol/hon,
169,HRL,Hormel Foods Corporation,39.68,2115000000000.0,,Consumer Non-Durables,Meat/Poultry/Fish,https://www.nasdaq.com/symbol/hrl,
170,HST,"Host Hotels & Resorts, Inc.",19.24,1427000000000.0,,Consumer Services,Real Estate Investment Trusts,https://www.nasdaq.com/symbol/hst,
171,HPQ,HP Inc.,23.01,3641000000000.0,,Technology,Computer Manufacturing,https://www.nasdaq.com/symbol/hpq,
172,HUM,Humana Inc.,319.91,4407000000000.0,,Health Care,Medical Specialities,https://www.nasdaq.com/symbol/hum,
173,HII,"Huntington Ingalls Industries, Inc.",233.08,101000000000.0,,Capital Goods,Marine Transportation,https://www.nasdaq.com/symbol/hii,
174,ITW,Illinois Tool Works Inc.,129.35,4338000000000.0,,Technology,Industrial Machinery/Components,https://www.nasdaq.com/symbol/itw,
175,IR,Ingersoll-Rand plc (Ireland),95.93,2353000000000.0,,Capital Goods,Auto Parts:O.E.M.,https://www.nasdaq.com/symbol/ir,
176,ICE,Intercontinental Exchange Inc.,72.49,4157000000000.0,2005.0,Finance,Investment Bankers/Brokers/Service,https://www.nasdaq.com/symbol/ice,
177,IBM,International Business Machines Corporation,139.02,12689000000000.0,,Technology,Computer Manufacturing,https://www.nasdaq.com/symbol/ibm,
178,IFF,"International Flavors & Fragrances, Inc.",132.63,1413000000000.0,,Basic Industries,Major Chemicals,https://www.nasdaq.com/symbol/iff,
179,IP,International Paper Company,42.82,1751000000000.0,,Basic Industries,Paper,https://www.nasdaq.com/symbol/ip,
180,IPG,"Interpublic Group of Companies, Inc. (The)",21.6,829000000000.0,,Technology,Advertising,https://www.nasdaq.com/symbol/ipg,
181,IVZ,Invesco Plc,20.07,825000000000.0,,Finance,Investment Managers,https://www.nasdaq.com/symbol/ivz,
182,IQV,"IQVIA Holdings, Inc.",122.58,2483000000000.0,2013.0,Health Care,Biotechnology: Commercial Physical & Biological Resarch,https://www.nasdaq.com/symbol/iqv,
183,IRM,Iron Mountain Incorporated,31.5,901000000000.0,,Consumer Services,Real Estate Investment Trusts,https://www.nasdaq.com/symbol/irm,
184,JPM,J P Morgan Chase & Co,108.13,36341000000000.0,,Finance,Major Banks,https://www.nasdaq.com/symbol/jpm,
185,SJM,J.M. Smucker Company (The),102.17,1162000000000.0,,Consumer Non-Durables,Packaged Foods,https://www.nasdaq.com/symbol/sjm,
186,JEC,Jacobs Engineering Group Inc.,72.19,1024000000000.0,,Basic Industries,Military/Government/Technical,https://www.nasdaq.com/symbol/jec,
187,JNJ,Johnson & Johnson,133.84,35906000000000.0,,Health Care,Major Pharmaceuticals,https://www.nasdaq.com/symbol/jnj,
188,JCI,Johnson Controls International plc,33.73,312000000000.0,,Consumer Services,Other Consumer Services,https://www.nasdaq.com/symbol/jci,
189,JNPR,"Juniper Networks, Inc.",26.78,923000000000.0,1999.0,Technology,Computer Communications Equipment,https://www.nasdaq.com/symbol/jnpr,
190,KSU,Kansas City Southern,102.95,1052000000000.0,,Transportation,Railroads,https://www.nasdaq.com/symbol/ksu,
191,K,Kellogg Company,67.62,2344000000000.0,,Consumer Non-Durables,Packaged Foods,https://www.nasdaq.com/symbol/k,
192,KEY,KeyCorp,19.24,2024000000000.0,,Finance,Major Banks,https://www.nasdaq.com/symbol/key,
193,KMB,Kimberly-Clark Corporation,108.13,3759000000000.0,,Consumer Durables,Containers/Packaging,https://www.nasdaq.com/symbol/kmb,
194,KIM,Kimco Realty Corporation,15.0,632000000000.0,,Consumer Services,Real Estate Investment Trusts,https://www.nasdaq.com/symbol/kim,
195,KMI,"Kinder Morgan, Inc.",17.42,3844000000000.0,2011.0,Public Utilities,Natural Gas Distribution,https://www.nasdaq.com/symbol/kmi,
196,KSS,Kohl&#39;s Corporation,70.82,1181000000000.0,1992.0,Consumer Services,Department/Specialty Retail Stores,https://www.nasdaq.com/symbol/kss,
197,KR,Kroger Company (The),26.74,2132000000000.0,,Consumer Services,Food Chains,https://www.nasdaq.com/symbol/kr,
198,LB,"L Brands, Inc.",30.21,831000000000.0,,Consumer Services,Clothing/Shoe/Accessory Stores,https://www.nasdaq.com/symbol/lb,
199,LLL,"L3 Technologies, Inc.",195.18,1529000000000.0,,Technology,Radio And Television Broadcasting And Communications Equipment,https://www.nasdaq.com/symbol/lll,
200,LH,Laboratory Corporation of America Holdings,168.25,1714000000000.0,,Health Care,Medical Specialities,https://www.nasdaq.com/symbol/lh,
201,LEG,"Leggett & Platt, Incorporated",39.06,508000000000.0,,Consumer Durables,Home Furnishings,https://www.nasdaq.com/symbol/leg,
202,LEN,Lennar Corporation,43.31,143000000000.0,,Basic Industries,Homebuilding,https://www.nasdaq.com/symbol/len,
203,LNC,Lincoln National Corporation,63.99,1387000000000.0,,Finance,Life Insurance,https://www.nasdaq.com/symbol/lnc,
204,LMT,Lockheed Martin Corporation,326.26,9291000000000.0,,Capital Goods,Military/Government/Technical,https://www.nasdaq.com/symbol/lmt,
205,L,Loews Corporation,47.24,1493000000000.0,,Finance,Property-Casualty Insurers,https://www.nasdaq.com/symbol/l,
206,LOW,"Lowe&#39;s Companies, Inc.",104.23,8425000000000.0,,Consumer Services,RETAIL: Building Materials,https://www.nasdaq.com/symbol/low,
207,LYB,LyondellBasell Industries NV,97.03,3778000000000.0,,Basic Industries,Major Chemicals,https://www.nasdaq.com/symbol/lyb,
208,MTB,M&T Bank Corporation,160.45,2307000000000.0,,Finance,Major Banks,https://www.nasdaq.com/symbol/mtb,
209,MAC,Macerich Company (The),50.07,706000000000.0,1994.0,Consumer Services,Real Estate Investment Trusts,https://www.nasdaq.com/symbol/mac,
210,M,Macy&#39;s Inc,32.14,987000000000.0,,Consumer Services,Department/Specialty Retail Stores,https://www.nasdaq.com/symbol/m,
211,MRO,Marathon Oil Corporation,19.96,1705000000000.0,,Energy,Oil & Gas Production,https://www.nasdaq.com/symbol/mro,
212,MPC,Marathon Petroleum Corporation,78.73,5439000000000.0,,Energy,Integrated oil Companies,https://www.nasdaq.com/symbol/mpc,
213,MMC,"Marsh & McLennan Companies, Inc.",79.64,4022000000000.0,,Finance,Specialty Insurers,https://www.nasdaq.com/symbol/mmc,
214,MLM,"Martin Marietta Materials, Inc.",168.86,1064000000000.0,1994.0,Basic Industries,Mining & Quarrying of Nonmetallic Minerals (No Fuels),https://www.nasdaq.com/symbol/mlm,
215,MAS,Masco Corporation,32.6,1002000000000.0,,Basic Industries,Forest Products,https://www.nasdaq.com/symbol/mas,
216,MA,Mastercard Incorporated,194.51,21569000000000.0,2006.0,Miscellaneous,Business Services,https://www.nasdaq.com/symbol/ma,
217,MKC,"McCormick & Company, Incorporated",131.67,1734000000000.0,,Consumer Non-Durables,Packaged Foods,https://www.nasdaq.com/symbol/mkc,
218,MCD,McDonald&#39;s Corporation,162.97,12643000000000.0,,Consumer Services,Restaurants,https://www.nasdaq.com/symbol/mcd,
219,MCK,McKesson Corporation,129.24,2582000000000.0,,Health Care,Other Pharmaceuticals,https://www.nasdaq.com/symbol/mck,
220,MDT,Medtronic plc,93.11,12599000000000.0,,Health Care,Biotechnology: Electromedical & Electrotherapeutic Apparatus,https://www.nasdaq.com/symbol/mdt,
221,MRK,"Merck & Company, Inc.",68.37,18183000000000.0,,Health Care,Major Pharmaceuticals,https://www.nasdaq.com/symbol/mrk,
222,MET,"MetLife, Inc.",43.76,4353000000000.0,2000.0,Finance,Life Insurance,https://www.nasdaq.com/symbol/met,
223,MTD,"Mettler-Toledo International, Inc.",554.45,1398000000000.0,1997.0,Capital Goods,Biotechnology: Laboratory Analytical Instruments,https://www.nasdaq.com/symbol/mtd,
224,MGM,MGM Resorts International,25.95,1396000000000.0,,Consumer Services,Hotels/Resorts,https://www.nasdaq.com/symbol/mgm,
225,KORS,Michael Kors Holdings Limited,61.96,925000000000.0,2011.0,Consumer Non-Durables,Apparel,https://www.nasdaq.com/symbol/kors,
226,MAA,"Mid-America Apartment Communities, Inc.",95.79,109000000000.0,1994.0,Consumer Services,Real Estate Investment Trusts,https://www.nasdaq.com/symbol/maa,
227,MHK,"Mohawk Industries, Inc.",157.22,1173000000000.0,,Consumer Durables,Home Furnishings,https://www.nasdaq.com/symbol/mhk,
228,TAP,Molson Coors Brewing  Company,59.59,97000000000.0,,Consumer Non-Durables,Beverages (Production/Distribution),https://www.nasdaq.com/symbol/tap,
229,MCO,Moody&#39;s Corporation,153.31,2942000000000.0,,Finance,Finance: Consumer Services,https://www.nasdaq.com/symbol/mco,
230,MS,Morgan Stanley,43.49,7588000000000.0,,Finance,Investment Bankers/Brokers/Service,https://www.nasdaq.com/symbol/ms,
231,MOS,Mosaic Company (The),32.69,126000000000.0,,Basic Industries,Agricultural Chemicals,https://www.nasdaq.com/symbol/mos,
232,MSI,"Motorola Solutions, Inc.",117.94,1914000000000.0,,Technology,Radio And Television Broadcasting And Communications Equipment,https://www.nasdaq.com/symbol/msi,
233,NOV,"National Oilwell Varco, Inc.",41.9,1603000000000.0,,Energy,Metal Fabrications,https://www.nasdaq.com/symbol/nov,
234,NWL,Newell Brands Inc.,17.67,835000000000.0,,Consumer Non-Durables,Plastic Products,https://www.nasdaq.com/symbol/nwl,
235,NFX,Newfield Exploration Company,25.18,503000000000.0,1993.0,Energy,Oil & Gas Production,https://www.nasdaq.com/symbol/nfx,
236,NEM,Newmont Mining Corporation,32.72,1745000000000.0,,Basic Industries,Precious Metals,https://www.nasdaq.com/symbol/nem,
237,NEE,"NextEra Energy, Inc.",169.09,7974000000000.0,,Public Utilities,Electric Utilities: Central,https://www.nasdaq.com/symbol/nee,
238,NLSN,Nielsen N.V.,25.75,915000000000.0,2011.0,Miscellaneous,Business Services,https://www.nasdaq.com/symbol/nlsn,
239,NKE,"Nike, Inc.",74.51,11833000000000.0,,Consumer Non-Durables,Shoe Manufacturing,https://www.nasdaq.com/symbol/nke,
240,NI,"NiSource, Inc",24.65,895000000000.0,,Public Utilities,Power Generation,https://www.nasdaq.com/symbol/ni,
241,NBL,Noble Energy Inc.,30.98,1497000000000.0,,Energy,Oil & Gas Production,https://www.nasdaq.com/symbol/nbl,
242,JWN,"Nordstrom, Inc.",59.29,999000000000.0,,Consumer Services,Clothing/Shoe/Accessory Stores,https://www.nasdaq.com/symbol/jwn,
243,NSC,Norfolk Souther Corporation,168.13,4708000000000.0,,Transportation,Railroads,https://www.nasdaq.com/symbol/nsc,
244,NOC,Northrop Grumman Corporation,297.62,5182000000000.0,,Capital Goods,Industrial Machinery/Components,https://www.nasdaq.com/symbol/noc,
245,NCLH,Norwegian Cruise Line Holdings Ltd.,50.62,1121000000000.0,,Consumer Services,Marine Transportation,https://www.nasdaq.com/symbol/nclh,
246,NRG,"NRG Energy, Inc.",35.98,1092000000000.0,,Public Utilities,Electric Utilities: Central,https://www.nasdaq.com/symbol/nrg,
247,NUE,Nucor Corporation,60.46,1913000000000.0,,Basic Industries,Steel/Iron Ore,https://www.nasdaq.com/symbol/nue,
248,OXY,Occidental Petroleum Corporation,76.53,5852000000000.0,,Energy,Oil & Gas Production,https://www.nasdaq.com/symbol/oxy,
249,OMC,Omnicom Group Inc.,68.07,1527000000000.0,,Technology,Advertising,https://www.nasdaq.com/symbol/omc,
250,OKE,"ONEOK, Inc.",65.22,2682000000000.0,,Public Utilities,Oil & Gas Production,https://www.nasdaq.com/symbol/oke,
251,ORCL,Oracle Corporation,46.78,17723000000000.0,1986.0,Technology,Computer Software: Prepackaged Software,https://www.nasdaq.com/symbol/orcl,
252,PCG,Pacific Gas & Electric Co.,46.62,2411000000000.0,,Public Utilities,Power Generation,https://www.nasdaq.com/symbol/pcg,
253,PKG,Packaging Corporation of America,88.36,835000000000.0,2000.0,Consumer Durables,Containers/Packaging,https://www.nasdaq.com/symbol/pkg,
254,PH,Parker-Hannifin Corporation,165.6,2193000000000.0,,Capital Goods,Metal Fabrications,https://www.nasdaq.com/symbol/ph,
255,PNR,Pentair plc.,39.2,688000000000.0,,Technology,Industrial Machinery/Components,https://www.nasdaq.com/symbol/pnr,
256,PKI,"PerkinElmer, Inc.",84.69,938000000000.0,,Capital Goods,Biotechnology: Laboratory Analytical Instruments,https://www.nasdaq.com/symbol/pki,
257,PRGO,Perrigo Company,69.79,955000000000.0,,Health Care,Major Pharmaceuticals,https://www.nasdaq.com/symbol/prgo,
258,PFE,"Pfizer, Inc.",42.81,25096000000000.0,,Health Care,Major Pharmaceuticals,https://www.nasdaq.com/symbol/pfe,
259,PM,Philip Morris International Inc,82.31,12795000000000.0,,Consumer Non-Durables,Farming/Seeds/Milling,https://www.nasdaq.com/symbol/pm,
260,PSX,Phillips 66,109.46,5082000000000.0,,Energy,Integrated oil Companies,https://www.nasdaq.com/symbol/psx,
261,PNW,Pinnacle West Capital Corporation,81.3,91000000000.0,,Public Utilities,Electric Utilities: Central,https://www.nasdaq.com/symbol/pnw,
262,PXD,Pioneer Natural Resources Company,171.66,2925000000000.0,,Energy,Oil & Gas Production,https://www.nasdaq.com/symbol/pxd,
263,PNC,"PNC Financial Services Group, Inc. (The)",131.61,6111000000000.0,,Finance,Major Banks,https://www.nasdaq.com/symbol/pnc,
264,PPG,"PPG Industries, Inc.",96.38,2333000000000.0,,Basic Industries,Paints/Coatings,https://www.nasdaq.com/symbol/ppg,
265,PPL,PPL Corporation,29.97,2097000000000.0,,Public Utilities,Electric Utilities: Central,https://www.nasdaq.com/symbol/ppl,
266,PX,"Praxair, Inc.",154.26,4436000000000.0,,Basic Industries,Major Chemicals,https://www.nasdaq.com/symbol/px,
267,PG,Procter & Gamble Company (The),78.87,19632000000000.0,,Basic Industries,Package Goods/Cosmetics,https://www.nasdaq.com/symbol/pg,
268,PGR,Progressive Corporation (The),66.97,3905000000000.0,,Finance,Property-Casualty Insurers,https://www.nasdaq.com/symbol/pgr,
269,PLD,"Prologis, Inc.",62.84,3956000000000.0,,Consumer Services,Real Estate Investment Trusts,https://www.nasdaq.com/symbol/pld,
270,PRU,"Prudential Financial, Inc.",97.7,4074000000000.0,2001.0,Finance,Life Insurance,https://www.nasdaq.com/symbol/pru,
271,PEG,Public Service Enterprise Group Incorporated,53.59,2708000000000.0,,Public Utilities,Power Generation,https://www.nasdaq.com/symbol/peg,
272,PSA,Public Storage,195.68,341000000000.0,,Consumer Services,Real Estate Investment Trusts,https://www.nasdaq.com/symbol/psa,
273,PHM,"PulteGroup, Inc.",23.31,662000000000.0,,Capital Goods,Homebuilding,https://www.nasdaq.com/symbol/phm,
274,PVH,PVH Corp.,124.3,954000000000.0,,Consumer Non-Durables,Apparel,https://www.nasdaq.com/symbol/pvh,
275,PWR,"Quanta Services, Inc.",31.44,468000000000.0,,Capital Goods,Engineering & Construction,https://www.nasdaq.com/symbol/pwr,
276,DGX,Quest Diagnostics Incorporated,100.44,1373000000000.0,,Health Care,Medical Specialities,https://www.nasdaq.com/symbol/dgx,
277,RL,Ralph Lauren Corporation,117.65,954000000000.0,1997.0,Consumer Non-Durables,Apparel,https://www.nasdaq.com/symbol/rl,
278,RRC,Range Resources Corporation,16.6,414000000000.0,,Energy,Oil & Gas Production,https://www.nasdaq.com/symbol/rrc,
279,RJF,"Raymond James Financial, Inc.",87.72,128000000000.0,,Finance,Investment Bankers/Brokers/Service,https://www.nasdaq.com/symbol/rjf,
280,RTN,Raytheon Company,190.99,5448000000000.0,,Capital Goods,Industrial Machinery/Components,https://www.nasdaq.com/symbol/rtn,
281,O,Realty Income Corporation,55.96,1623000000000.0,,Consumer Services,Real Estate Investment Trusts,https://www.nasdaq.com/symbol/o,
282,RHT,"Red Hat, Inc.",117.38,2066000000000.0,,Technology,"Computer Software: Programming, Data Processing",https://www.nasdaq.com/symbol/rht,
283,REG,Regency Centers Corporation,61.67,1045000000000.0,1993.0,Consumer Services,Real Estate Investment Trusts,https://www.nasdaq.com/symbol/reg,
284,RF,Regions Financial Corporation,17.74,1904000000000.0,,Finance,Major Banks,https://www.nasdaq.com/symbol/rf,
285,RSG,"Republic Services, Inc.",70.1,2281000000000.0,1998.0,Public Utilities,Environmental Services,https://www.nasdaq.com/symbol/rsg,
286,RMD,ResMed Inc.,101.84,1453000000000.0,,Health Care,Medical/Dental Instruments,https://www.nasdaq.com/symbol/rmd,
287,RHI,Robert Half International Inc.,64.4,789000000000.0,,Technology,Professional Services,https://www.nasdaq.com/symbol/rhi,
288,ROK,"Rockwell Automation, Inc.",170.6,2101000000000.0,,Capital Goods,Industrial Machinery/Components,https://www.nasdaq.com/symbol/rok,
289,COL,"Rockwell Collins, Inc.",134.34,2208000000000.0,,Capital Goods,Military/Government/Technical,https://www.nasdaq.com/symbol/col,
290,ROP,"Roper Technologies, Inc.",273.27,2824000000000.0,1992.0,Capital Goods,Industrial Machinery/Components,https://www.nasdaq.com/symbol/rop,
291,RCL,Royal Caribbean Cruises Ltd.,116.85,2442000000000.0,1993.0,Consumer Services,Marine Transportation,https://www.nasdaq.com/symbol/rcl,
292,SPGI,S&P Global Inc.,180.03,4528000000000.0,,Finance,Finance: Consumer Services,https://www.nasdaq.com/symbol/spgi,
293,CRM,Salesforce.com Inc,139.24,10536000000000.0,2004.0,Technology,Computer Software: Prepackaged Software,https://www.nasdaq.com/symbol/crm,
294,SCG,Scana Corporation,39.77,567000000000.0,,Public Utilities,Power Generation,https://www.nasdaq.com/symbol/scg,
295,SLB,Schlumberger N.V.,59.12,8183000000000.0,,Energy,Oilfield Services/Equipment,https://www.nasdaq.com/symbol/slb,
296,SEE,Sealed Air Corporation,34.94,555000000000.0,,Basic Industries,Major Chemicals,https://www.nasdaq.com/symbol/see,
297,SRE,Sempra Energy,114.47,313000000000.0,,Public Utilities,Natural Gas Distribution,https://www.nasdaq.com/symbol/sre,
298,SHW,Sherwin-Williams Company (The),407.22,3803000000000.0,,Consumer Services,RETAIL: Building Materials,https://www.nasdaq.com/symbol/shw,
299,SIG,Signet Jewelers Limited,59.95,311000000000.0,,Consumer Services,Consumer Specialties,https://www.nasdaq.com/symbol/sig,
300,SPG,"Simon Property Group, Inc.",170.4,5269000000000.0,,Consumer Services,Real Estate Investment Trusts,https://www.nasdaq.com/symbol/spg,
301,SLG,SL Green Realty Corp,90.65,785000000000.0,1997.0,Consumer Services,Real Estate Investment Trusts,https://www.nasdaq.com/symbol/slg,
302,AOS,Smith (A.O.) Corporation,47.87,817000000000.0,,Consumer Durables,Consumer Electronics/Appliances,https://www.nasdaq.com/symbol/aos,
303,SNA,Snap-On Incorporated,167.82,947000000000.0,,Capital Goods,Industrial Machinery/Components,https://www.nasdaq.com/symbol/sna,
304,SO,Southern Company (The),43.54,4416000000000.0,,Public Utilities,Electric Utilities: Central,https://www.nasdaq.com/symbol/so,
305,LUV,Southwest Airlines Company,57.03,3268000000000.0,,Transportation,Air Freight/Delivery Services,https://www.nasdaq.com/symbol/luv,
306,SWK,"Stanley Black & Decker, Inc.",130.92,2003000000000.0,,Capital Goods,Industrial Machinery/Components,https://www.nasdaq.com/symbol/swk,
307,STT,State Street Corporation,81.73,3098000000000.0,,Finance,Major Banks,https://www.nasdaq.com/symbol/stt,
308,SYK,Stryker Corporation,168.72,631000000000.0,,Health Care,Medical/Dental Instruments,https://www.nasdaq.com/symbol/syk,
309,STI,"SunTrust Banks, Inc.",63.46,2924000000000.0,,Finance,Major Banks,https://www.nasdaq.com/symbol/sti,
310,SYF,Synchrony Financial,29.73,2202000000000.0,2014.0,Finance,Finance: Consumer Services,https://www.nasdaq.com/symbol/syf,
311,SYY,Sysco Corporation,68.49,3566000000000.0,,Consumer Non-Durables,Food Distributors,https://www.nasdaq.com/symbol/syy,
312,TPR,"Tapestry, Inc.",42.68,1236000000000.0,,Consumer Non-Durables,Apparel,https://www.nasdaq.com/symbol/tpr,
313,TGT,Target Corporation,82.8,4358000000000.0,,Consumer Services,Department/Specialty Retail Stores,https://www.nasdaq.com/symbol/tgt,
314,TEL,TE Connectivity Ltd.,78.66,2741000000000.0,,Consumer Non-Durables,Electronic Components,https://www.nasdaq.com/symbol/tel,
315,FTI,TechnipFMC plc,29.83,1351000000000.0,,Energy,Metal Fabrications,https://www.nasdaq.com/symbol/fti,
316,TXT,Textron Inc.,65.07,1616000000000.0,,Capital Goods,Aerospace,https://www.nasdaq.com/symbol/txt,
317,AES,The AES Corporation,14.44,955000000000.0,,Basic Industries,Electric Utilities: Central,https://www.nasdaq.com/symbol/aes,
318,SCHW,The Charles Schwab Corporation,48.13,6503000000000.0,,Finance,Investment Bankers/Brokers/Service,https://www.nasdaq.com/symbol/schw,
319,COO,"The Cooper Companies, Inc. ",250.59,1231000000000.0,,Health Care,Ophthalmic Goods,https://www.nasdaq.com/symbol/coo,
320,TRV,"The Travelers Companies, Inc.",124.31,3328000000000.0,,Finance,Property-Casualty Insurers,https://www.nasdaq.com/symbol/trv,
321,TMO,Thermo Fisher Scientific Inc,226.09,9107000000000.0,,Capital Goods,Industrial Machinery/Components,https://www.nasdaq.com/symbol/tmo,
322,TIF,Tiffany & Co.,111.45,1364000000000.0,1987.0,Consumer Services,Consumer Specialties,https://www.nasdaq.com/symbol/tif,
323,TJX,"TJX Companies, Inc. (The)",107.76,6668000000000.0,,Consumer Services,Clothing/Shoe/Accessory Stores,https://www.nasdaq.com/symbol/tjx,
324,TMK,Torchmark Corporation,83.58,939000000000.0,,Finance,Life Insurance,https://www.nasdaq.com/symbol/tmk,
325,TSS,"Total System Services, Inc.",90.15,1644000000000.0,,Miscellaneous,Business Services,https://www.nasdaq.com/symbol/tss,
326,TDG,Transdigm Group Incorporated,321.13,169000000000.0,2006.0,Capital Goods,Military/Government/Technical,https://www.nasdaq.com/symbol/tdg,
327,TSN,"Tyson Foods, Inc.",60.23,2204000000000.0,,Consumer Non-Durables,Meat/Poultry/Fish,https://www.nasdaq.com/symbol/tsn,
328,USB,U.S. Bancorp,51.82,8442000000000.0,,Finance,Major Banks,https://www.nasdaq.com/symbol/usb,
329,UDR,"UDR, Inc.",38.29,1025000000000.0,,Consumer Services,Real Estate Investment Trusts,https://www.nasdaq.com/symbol/udr,
330,UA,"Under Armour, Inc.",16.82,748000000000.0,2016.0,Consumer Non-Durables,Apparel,https://www.nasdaq.com/symbol/ua,
331,UAA,"Under Armour, Inc.",18.23,811000000000.0,,Consumer Non-Durables,Apparel,https://www.nasdaq.com/symbol/uaa,
332,UNP,Union Pacific Corporation,152.09,11247000000000.0,,Transportation,Railroads,https://www.nasdaq.com/symbol/unp,
333,UPS,"United Parcel Service, Inc.",113.76,9787000000000.0,1999.0,Transportation,Trucking Freight/Courier Services,https://www.nasdaq.com/symbol/ups,
334,URI,"United Rentals, Inc.",139.84,1157000000000.0,1997.0,Technology,Diversified Commercial Services,https://www.nasdaq.com/symbol/uri,
335,UTX,United Technologies Corporation,129.37,10351000000000.0,,Capital Goods,Aerospace,https://www.nasdaq.com/symbol/utx,
336,UNH,UnitedHealth Group Incorporated,257.12,24747000000000.0,,Health Care,Medical Specialities,https://www.nasdaq.com/symbol/unh,
337,UHS,"Universal Health Services, Inc.",120.85,1128000000000.0,,Health Care,Hospital/Nursing Management,https://www.nasdaq.com/symbol/uhs,
338,UNM,Unum Group,36.91,807000000000.0,,Finance,Accident &Health Insurance,https://www.nasdaq.com/symbol/unm,
339,VFC,V.F. Corporation,85.47,3389000000000.0,,Consumer Non-Durables,Apparel,https://www.nasdaq.com/symbol/vfc,
340,VLO,Valero Energy Corporation,106.89,4568000000000.0,,Energy,Integrated oil Companies,https://www.nasdaq.com/symbol/vlo,
341,VAR,"Varian Medical Systems, Inc.",103.97,952000000000.0,,Health Care,Biotechnology: Electromedical & Electrotherapeutic Apparatus,https://www.nasdaq.com/symbol/var,
342,VTR,"Ventas, Inc.",53.36,1902000000000.0,,Consumer Services,Real Estate Investment Trusts,https://www.nasdaq.com/symbol/vtr,
343,VZ,Verizon Communications Inc.,53.33,22036000000000.0,,Public Utilities,Telecommunications Equipment,https://www.nasdaq.com/symbol/vz,
344,V,Visa Inc.,133.73,3066000000000.0,,Miscellaneous,Business Services,https://www.nasdaq.com/symbol/v,
345,VNO,Vornado Realty Trust,67.8,129000000000.0,,Consumer Services,Real Estate Investment Trusts,https://www.nasdaq.com/symbol/vno,
346,VMC,Vulcan Materials Company,100.37,1328000000000.0,,Basic Industries,Mining & Quarrying of Nonmetallic Minerals (No Fuels),https://www.nasdaq.com/symbol/vmc,
347,GWW,"W.W. Grainger, Inc.",309.0,1735000000000.0,,Consumer Services,Office Equipment/Supplies/Services,https://www.nasdaq.com/symbol/gww,
348,WMT,Walmart Inc.,93.92,27507000000000.0,,Consumer Services,Department/Specialty Retail Stores,https://www.nasdaq.com/symbol/wmt,
349,DIS,Walt Disney Company (The),111.15,16531000000000.0,,Consumer Services,Television Services,https://www.nasdaq.com/symbol/dis,
350,WM,"Waste Management, Inc.",88.04,3774000000000.0,,Public Utilities,Environmental Services,https://www.nasdaq.com/symbol/wm,
351,WAT,Waters Corporation,178.32,1374000000000.0,1995.0,Capital Goods,Biotechnology: Laboratory Analytical Instruments,https://www.nasdaq.com/symbol/wat,
352,WEC,"WEC Energy Group, Inc.",67.52,213000000000.0,,Public Utilities,Power Generation,https://www.nasdaq.com/symbol/wec,
353,WFC,Wells Fargo & Company,51.44,24774000000000.0,,Finance,Major Banks,https://www.nasdaq.com/symbol/wfc,
354,WU,Western Union Company (The),17.67,79000000000.0,,Miscellaneous,Business Services,https://www.nasdaq.com/symbol/wu,
355,WRK,Westrock Company,41.95,107000000000.0,2015.0,Consumer Durables,Containers/Packaging,https://www.nasdaq.com/symbol/wrk,
356,WY,Weyerhaeuser Company,28.5,2159000000000.0,,Consumer Services,Real Estate Investment Trusts,https://www.nasdaq.com/symbol/wy,
357,WHR,Whirlpool Corporation,104.35,674000000000.0,,Consumer Durables,Consumer Electronics/Appliances,https://www.nasdaq.com/symbol/whr,
358,WMB,"Williams Companies, Inc. (The)",26.59,3216000000000.0,,Public Utilities,Natural Gas Distribution,https://www.nasdaq.com/symbol/wmb,
359,XRX,Xerox Corporation,24.74,631000000000.0,,Technology,Computer peripheral equipment,https://www.nasdaq.com/symbol/xrx,
360,XYL,Xylem Inc.,69.04,124000000000.0,2011.0,Capital Goods,Fluid Controls,https://www.nasdaq.com/symbol/xyl,
361,YUM,"Yum! Brands, Inc.",87.07,2763000000000.0,,Consumer Services,Restaurants,https://www.nasdaq.com/symbol/yum,
362,ZBH,"Zimmer Biomet Holdings, Inc.",121.15,2465000000000.0,,Health Care,Industrial Specialties,https://www.nasdaq.com/symbol/zbh,
363,ZTS,Zoetis Inc.,87.0,4192000000000.0,2013.0,Health Care,Major Pharmaceuticals,https://www.nasdaq.com/symbol/zts,
364,ATVI,"Activision Blizzard, Inc",73.85,563000000000.0,,Technology,Computer Software: Prepackaged Software,https://www.nasdaq.com/symbol/atvi,
365,ADBE,Adobe Inc.,238.59,11646000000000.0,1986.0,Technology,Computer Software: Prepackaged Software,https://www.nasdaq.com/symbol/adbe,
366,AMD,"Advanced Micro Devices, Inc.",25.3,2466000000000.0,,Technology,Semiconductors,https://www.nasdaq.com/symbol/amd,
367,AKAM,"Akamai Technologies, Inc.",61.34,104000000000.0,1999.0,Miscellaneous,Business Services,https://www.nasdaq.com/symbol/akam,
368,ALXN,"Alexion Pharmaceuticals, Inc.",119.31,2659000000000.0,1996.0,Health Care,Major Pharmaceuticals,https://www.nasdaq.com/symbol/alxn,
369,ALGN,"Align Technology, Inc.",312.86,2513000000000.0,2001.0,Health Care,Industrial Specialties,https://www.nasdaq.com/symbol/algn,
370,GOOG,Alphabet Inc.,1079.32,75086000000000.0,2004.0,Technology,"Computer Software: Programming, Data Processing",https://www.nasdaq.com/symbol/goog,
371,GOOGL,Alphabet Inc.,1090.74,7588000000000.0,,Technology,"Computer Software: Programming, Data Processing",https://www.nasdaq.com/symbol/googl,
372,AMZN,"Amazon.com, Inc.",1719.36,8386000000000.0,1997.0,Consumer Services,Catalog/Specialty Distribution,https://www.nasdaq.com/symbol/amzn,
373,AAL,"American Airlines Group, Inc.",31.27,144000000000.0,,Transportation,Air Freight/Delivery Services,https://www.nasdaq.com/symbol/aal,
374,AMGN,Amgen Inc.,193.85,12547000000000.0,1983.0,Health Care,Biotechnology: Biological Products (No Diagnostic Substances),https://www.nasdaq.com/symbol/amgn,
375,ADI,"Analog Devices, Inc.",83.67,311000000000.0,,Technology,Semiconductors,https://www.nasdaq.com/symbol/adi,
376,ANSS,"ANSYS, Inc.",153.51,1294000000000.0,1996.0,Technology,Computer Software: Prepackaged Software,https://www.nasdaq.com/symbol/anss,
377,AAPL,Apple Inc.,214.45,103578000000000.0,1980.0,Technology,Computer Manufacturing,https://www.nasdaq.com/symbol/aapl,
378,AMAT,"Applied Materials, Inc.",32.79,3223000000000.0,1972.0,Technology,Semiconductors,https://www.nasdaq.com/symbol/amat,
379,ADSK,"Autodesk, Inc.",130.89,2861000000000.0,,Technology,Computer Software: Prepackaged Software,https://www.nasdaq.com/symbol/adsk,
380,ADP,"Automatic Data Processing, Inc.",138.18,6045000000000.0,,Technology,EDP Services,https://www.nasdaq.com/symbol/adp,
381,BIIB,Biogen Inc.,327.27,6593000000000.0,,Health Care,Biotechnology: Biological Products (No Diagnostic Substances),https://www.nasdaq.com/symbol/biib,
382,BHF,"Brighthouse Financial, Inc.",43.2,517000000000.0,,Finance,Life Insurance,https://www.nasdaq.com/symbol/bhf,
383,AVGO,Broadcom Inc.,228.9,9464000000000.0,2009.0,Technology,Semiconductors,https://www.nasdaq.com/symbol/avgo,
384,CHRW,"C.H. Robinson Worldwide, Inc.",91.11,1262000000000.0,1997.0,Transportation,Oil Refining/Marketing,https://www.nasdaq.com/symbol/chrw,
385,CA,CA Inc.,43.47,1818000000000.0,,Technology,Computer Software: Prepackaged Software,https://www.nasdaq.com/symbol/ca,
386,CDNS,"Cadence Design Systems, Inc.",39.13,1107000000000.0,,Technology,Computer Software: Prepackaged Software,https://www.nasdaq.com/symbol/cdns,
387,CBOE,"Cboe Global Markets, Inc.",100.8,1127000000000.0,2010.0,,,https://www.nasdaq.com/symbol/cboe,
388,CELG,Celgene Corporation,80.71,5677000000000.0,1987.0,Health Care,Major Pharmaceuticals,https://www.nasdaq.com/symbol/celg,
389,CERN,Cerner Corporation,61.6,2027000000000.0,1986.0,Technology,EDP Services,https://www.nasdaq.com/symbol/cern,
390,CHTR,"Charter Communications, Inc.",301.92,70000000000.0,,Consumer Services,Television Services,https://www.nasdaq.com/symbol/chtr,
391,CINF,Cincinnati Financial Corporation,72.96,1187000000000.0,,Finance,Property-Casualty Insurers,https://www.nasdaq.com/symbol/cinf,
392,CTAS,Cintas Corporation,184.02,1967000000000.0,1983.0,Consumer Non-Durables,Apparel,https://www.nasdaq.com/symbol/ctas,
393,CSCO,"Cisco Systems, Inc.",44.12,20169000000000.0,1990.0,Technology,Computer Communications Equipment,https://www.nasdaq.com/symbol/csco,
394,CTXS,"Citrix Systems, Inc.",102.11,1385000000000.0,1995.0,Technology,Computer Software: Prepackaged Software,https://www.nasdaq.com/symbol/ctxs,
395,CME,CME Group Inc.,176.03,5996000000000.0,2002.0,Finance,Investment Bankers/Brokers/Service,https://www.nasdaq.com/symbol/cme,
396,CTSH,Cognizant Technology Solutions Corporation,70.29,4078000000000.0,1998.0,Technology,EDP Services,https://www.nasdaq.com/symbol/ctsh,
397,CMCSA,Comcast Corporation,33.67,15427000000000.0,,Consumer Services,Television Services,https://www.nasdaq.com/symbol/cmcsa,
398,COST,Costco Wholesale Corporation,221.82,972000000000.0,,Consumer Services,Department/Specialty Retail Stores,https://www.nasdaq.com/symbol/cost,
399,CSX,CSX Corporation,68.77,5906000000000.0,,Transportation,Railroads,https://www.nasdaq.com/symbol/csx,
400,XRAY,DENTSPLY SIRONA Inc.,35.68,793000000000.0,1987.0,Health Care,Medical/Dental Instruments,https://www.nasdaq.com/symbol/xray,
401,DISCA,"Discovery, Inc.",31.02,1621000000000.0,,Consumer Services,Television Services,https://www.nasdaq.com/symbol/disca,
402,DISCK,"Discovery, Inc.",28.45,1486000000000.0,,Consumer Services,Television Services,https://www.nasdaq.com/symbol/disck,
403,DISH,DISH Network Corporation,31.87,149000000000.0,1995.0,Consumer Services,Television Services,https://www.nasdaq.com/symbol/dish,
404,DLTR,"Dollar Tree, Inc.",79.51,1891000000000.0,1995.0,Consumer Services,Department/Specialty Retail Stores,https://www.nasdaq.com/symbol/dltr,
405,ETFC,E*TRADE Financial Corporation,49.52,1286000000000.0,,Finance,Savings Institutions,https://www.nasdaq.com/symbol/etfc,
406,EBAY,eBay Inc.,31.4,3107000000000.0,1998.0,Miscellaneous,Business Services,https://www.nasdaq.com/symbol/ebay,
407,EA,Electronic Arts Inc.,103.6,3158000000000.0,,Technology,Computer Software: Prepackaged Software,https://www.nasdaq.com/symbol/ea,
408,EQIX,"Equinix, Inc.",397.08,3157000000000.0,2000.0,Consumer Services,Real Estate Investment Trusts,https://www.nasdaq.com/symbol/eqix,
409,EXPE,"Expedia Group, Inc.",115.69,1729000000000.0,,Consumer Services,Transportation Services,https://www.nasdaq.com/symbol/expe,
410,EXPD,"Expeditors International of Washington, Inc.",66.48,1159000000000.0,,Transportation,Oil Refining/Marketing,https://www.nasdaq.com/symbol/expd,
411,ESRX,Express Scripts Holding Company,93.74,5269000000000.0,1992.0,Health Care,Medical/Nursing Services,https://www.nasdaq.com/symbol/esrx,
412,FFIV,"F5 Networks, Inc.",164.71,1002000000000.0,1999.0,Technology,Computer Communications Equipment,https://www.nasdaq.com/symbol/ffiv,
413,FB,"Facebook, Inc.",153.35,44275000000000.0,2012.0,Technology,"Computer Software: Programming, Data Processing",https://www.nasdaq.com/symbol/fb,
414,FAST,Fastenal Company,51.25,1471000000000.0,1987.0,Consumer Services,RETAIL: Building Materials,https://www.nasdaq.com/symbol/fast,
415,FITB,Fifth Third Bancorp,27.23,1814000000000.0,,Finance,Major Banks,https://www.nasdaq.com/symbol/fitb,
416,FISV,"Fiserv, Inc.",75.9,3073000000000.0,1986.0,Technology,EDP Services,https://www.nasdaq.com/symbol/fisv,
417,FLIR,"FLIR Systems, Inc.",55.2,762000000000.0,1993.0,Capital Goods,Industrial Machinery/Components,https://www.nasdaq.com/symbol/flir,
418,GRMN,Garmin Ltd.,62.97,1189000000000.0,2000.0,Capital Goods,Industrial Machinery/Components,https://www.nasdaq.com/symbol/grmn,
419,GILD,"Gilead Sciences, Inc.",72.5,9398000000000.0,1992.0,Health Care,Biotechnology: Biological Products (No Diagnostic Substances),https://www.nasdaq.com/symbol/gild,
420,HAS,"Hasbro, Inc.",97.81,1242000000000.0,,Consumer Non-Durables,Recreational Products/Toys,https://www.nasdaq.com/symbol/has,
421,HSIC,"Henry Schein, Inc.",83.54,1279000000000.0,1995.0,Health Care,Medical Specialities,https://www.nasdaq.com/symbol/hsic,
422,HOLX,"Hologic, Inc.",39.34,1071000000000.0,1990.0,Health Care,Medical Electronics,https://www.nasdaq.com/symbol/holx,
423,HBAN,Huntington Bancshares Incorporated,14.7,1623000000000.0,,Finance,Major Banks,https://www.nasdaq.com/symbol/hban,
424,IDXX,"IDEXX Laboratories, Inc.",214.11,1854000000000.0,1991.0,Health Care,Biotechnology: In Vitro & In Vivo Diagnostic Substances,https://www.nasdaq.com/symbol/idxx,
425,INFO,IHS Markit Ltd.,50.48,199000000000.0,1996.0,Technology,"Computer Software: Programming, Data Processing",https://www.nasdaq.com/symbol/info,
426,ILMN,"Illumina, Inc.",307.45,452000000000.0,2000.0,Capital Goods,Biotechnology: Laboratory Analytical Instruments,https://www.nasdaq.com/symbol/ilmn,
427,INCY,Incyte Corporation,61.75,1313000000000.0,,Health Care,Biotechnology: Commercial Physical & Biological Resarch,https://www.nasdaq.com/symbol/incy,
428,INTC,Intel Corporation,44.23,20394000000000.0,,Technology,Semiconductors,https://www.nasdaq.com/symbol/intc,
429,INTU,Intuit Inc.,200.69,5191000000000.0,1993.0,Technology,Computer Software: Prepackaged Software,https://www.nasdaq.com/symbol/intu,
430,ISRG,"Intuitive Surgical, Inc.",508.22,5781000000000.0,2000.0,Health Care,Industrial Specialties,https://www.nasdaq.com/symbol/isrg,
431,JBHT,"J.B. Hunt Transport Services, Inc.",110.29,1206000000000.0,,Transportation,Trucking Freight/Courier Services,https://www.nasdaq.com/symbol/jbht,
432,KLAC,KLA-Tencor Corporation,91.77,1421000000000.0,1980.0,Capital Goods,Electronic Components,https://www.nasdaq.com/symbol/klac,
433,LRCX,Lam Research Corporation,137.62,2096000000000.0,1984.0,Technology,Industrial Machinery/Components,https://www.nasdaq.com/symbol/lrcx,
434,LKQ,LKQ Corporation,28.32,901000000000.0,,Consumer Services,Motor Vehicles,https://www.nasdaq.com/symbol/lkq,
435,MAR,Marriott International,114.63,3978000000000.0,,Consumer Services,Hotels/Resorts,https://www.nasdaq.com/symbol/mar,
436,MAT,"Mattel, Inc.",13.99,481000000000.0,,Consumer Non-Durables,Recreational Products/Toys,https://www.nasdaq.com/symbol/mat,
437,MCHP,Microchip Technology Incorporated,67.7,1595000000000.0,1993.0,Technology,Semiconductors,https://www.nasdaq.com/symbol/mchp,
438,MU,"Micron Technology, Inc.",41.97,4868000000000.0,,Technology,Semiconductors,https://www.nasdaq.com/symbol/mu,
439,MSFT,Microsoft Corporation,105.91,81214000000000.0,1986.0,Technology,Computer Software: Prepackaged Software,https://www.nasdaq.com/symbol/msft,
440,MDLZ,"Mondelez International, Inc.",41.19,6041000000000.0,,Consumer Non-Durables,Packaged Foods,https://www.nasdaq.com/symbol/mdlz,
441,MNST,Monster Beverage Corporation,52.83,2919000000000.0,,Consumer Non-Durables,Beverages (Production/Distribution),https://www.nasdaq.com/symbol/mnst,
442,MYL,Mylan N.V.,32.6,1681000000000.0,,Health Care,Major Pharmaceuticals,https://www.nasdaq.com/symbol/myl,
443,NDAQ,"Nasdaq, Inc.",79.65,131000000000.0,,Finance,Investment Bankers/Brokers/Service,https://www.nasdaq.com/symbol/ndaq,
444,NAVI,Navient Corporation,12.54,332000000000.0,,Finance,Investment Bankers/Brokers/Service,https://www.nasdaq.com/symbol/navi,
445,NTAP,"NetApp, Inc.",73.96,1918000000000.0,1995.0,Technology,Electronic Components,https://www.nasdaq.com/symbol/ntap,
446,NFLX,"Netflix, Inc.",321.1,13983000000000.0,2002.0,Consumer Services,Consumer Electronics/Video Chains,https://www.nasdaq.com/symbol/nflx,
447,NWS,News Corporation,13.02,761000000000.0,,Consumer Services,Newspapers/Magazines,https://www.nasdaq.com/symbol/nws,
448,NWSA,News Corporation,12.7,743000000000.0,,Consumer Services,Newspapers/Magazines,https://www.nasdaq.com/symbol/nwsa,
449,NTRS,Northern Trust Corporation,99.16,2214000000000.0,,Finance,Major Banks,https://www.nasdaq.com/symbol/ntrs,
450,NCLH,Norwegian Cruise Line Holdings Ltd.,50.62,1121000000000.0,,Consumer Services,Marine Transportation,https://www.nasdaq.com/symbol/nclh,
451,NVDA,NVIDIA Corporation,235.13,14296000000000.0,1999.0,Technology,Semiconductors,https://www.nasdaq.com/symbol/nvda,
452,ORLY,"O&#39;Reilly Automotive, Inc.",330.35,2661000000000.0,1993.0,Consumer Services,Other Specialty Stores,https://www.nasdaq.com/symbol/orly,
453,PCAR,PACCAR Inc.,62.85,2203000000000.0,,Capital Goods,Auto Manufacturing,https://www.nasdaq.com/symbol/pcar,
454,PDCO,"Patterson Companies, Inc.",23.15,22000000000.0,1992.0,Health Care,Medical Specialities,https://www.nasdaq.com/symbol/pdco,
455,PAYX,"Paychex, Inc.",67.53,2425000000000.0,1983.0,Consumer Services,Diversified Commercial Services,https://www.nasdaq.com/symbol/payx,
456,PYPL,"PayPal Holdings, Inc.",75.9,8984000000000.0,,Miscellaneous,Business Services,https://www.nasdaq.com/symbol/pypl,
457,PBCT,"People&#39;s United Financial, Inc.",16.47,621000000000.0,,Finance,Savings Institutions,https://www.nasdaq.com/symbol/pbct,
458,PEP,"Pepsico, Inc.",105.06,1483000000000.0,,Consumer Non-Durables,Beverages (Production/Distribution),https://www.nasdaq.com/symbol/pep,
459,PFG,Principal Financial Group Inc,55.62,1584000000000.0,2001.0,Finance,Accident &Health Insurance,https://www.nasdaq.com/symbol/pfg,
460,QRVO,"Qorvo, Inc.",71.39,897000000000.0,,Technology,Semiconductors,https://www.nasdaq.com/symbol/qrvo,
461,QCOM,QUALCOMM Incorporated,64.29,9445000000000.0,1991.0,Technology,Radio And Television Broadcasting And Communications Equipment,https://www.nasdaq.com/symbol/qcom,
462,REGN,"Regeneron Pharmaceuticals, Inc.",371.67,4016000000000.0,1991.0,Health Care,Major Pharmaceuticals,https://www.nasdaq.com/symbol/regn,
463,ROST,"Ross Stores, Inc.",94.32,3522000000000.0,1985.0,Consumer Services,Clothing/Shoe/Accessory Stores,https://www.nasdaq.com/symbol/rost,
464,SBAC,SBA Communications Corporation,146.65,1684000000000.0,1999.0,Consumer Services,Real Estate Investment Trusts,https://www.nasdaq.com/symbol/sbac,
465,STX,Seagate Technology PLC,43.34,1248000000000.0,2002.0,Technology,Electronic Components,https://www.nasdaq.com/symbol/stx,
466,SWKS,"Skyworks Solutions, Inc.",85.26,1526000000000.0,,Technology,Semiconductors,https://www.nasdaq.com/symbol/swks,
467,SBUX,Starbucks Corporation,54.86,7401000000000.0,1992.0,Consumer Services,Restaurants,https://www.nasdaq.com/symbol/sbux,
468,SRCL,"Stericycle, Inc.",52.99,455000000000.0,1996.0,Basic Industries,Environmental Services,https://www.nasdaq.com/symbol/srcl,
469,SYMC,Symantec Corporation,19.46,121000000000.0,1989.0,Technology,Computer Software: Prepackaged Software,https://www.nasdaq.com/symbol/symc,
470,SNPS,"Synopsys, Inc.",85.75,1274000000000.0,1992.0,Technology,Computer Software: Prepackaged Software,https://www.nasdaq.com/symbol/snps,
471,TROW,"T. Rowe Price Group, Inc.",98.51,2396000000000.0,1986.0,Finance,Investment Bankers/Brokers/Service,https://www.nasdaq.com/symbol/trow,
472,TXN,Texas Instruments Incorporated,99.53,9676000000000.0,,Technology,Semiconductors,https://www.nasdaq.com/symbol/txn,
473,GT,The Goodyear Tire & Rubber Company,20.5,486000000000.0,,Consumer Durables,Automotive Aftermarket,https://www.nasdaq.com/symbol/gt,
474,KHC,The Kraft Heinz Company,53.82,6562000000000.0,,Consumer Non-Durables,Packaged Foods,https://www.nasdaq.com/symbol/khc,
475,TSCO,Tractor Supply Company,85.23,1038000000000.0,1994.0,Consumer Services,RETAIL: Building Materials,https://www.nasdaq.com/symbol/tsco,
476,TRIP,"TripAdvisor, Inc.",44.65,614000000000.0,,Technology,"Computer Software: Programming, Data Processing",https://www.nasdaq.com/symbol/trip,
477,FOX,"Twenty-First Century Fox, Inc.",44.79,8311000000000.0,,Consumer Services,Television Services,https://www.nasdaq.com/symbol/fox,
478,FOXA,"Twenty-First Century Fox, Inc.",45.11,5508000000000.0,,Consumer Services,Television Services,https://www.nasdaq.com/symbol/foxa,
479,ULTA,"Ulta Beauty, Inc.",267.57,1599000000000.0,2007.0,Consumer Services,Other Specialty Stores,https://www.nasdaq.com/symbol/ulta,
480,UAL,"United Continental Holdings, Inc.",80.12,2184000000000.0,,Transportation,Air Freight/Delivery Services,https://www.nasdaq.com/symbol/ual,
481,VRSN,"VeriSign, Inc.",139.12,1696000000000.0,1998.0,Technology,EDP Services,https://www.nasdaq.com/symbol/vrsn,
482,VRSK,"Verisk Analytics, Inc.",113.33,1867000000000.0,2009.0,Technology,EDP Services,https://www.nasdaq.com/symbol/vrsk,
483,VRTX,Vertex Pharmaceuticals Incorporated,175.66,4489000000000.0,1991.0,Health Care,Major Pharmaceuticals,https://www.nasdaq.com/symbol/vrtx,
484,VIAB,Viacom Inc.,31.19,1084000000000.0,,Consumer Services,Television Services,https://www.nasdaq.com/symbol/viab,
485,WBA,"Walgreens Boots Alliance, Inc.",70.9,7036000000000.0,,Health Care,Medical/Nursing Services,https://www.nasdaq.com/symbol/wba,
486,WDC,Western Digital Corporation,54.13,1571000000000.0,,Technology,Electronic Components,https://www.nasdaq.com/symbol/wdc,
487,WLTW,Willis Towers Watson Public Limited Company,136.07,1779000000000.0,,Finance,Specialty Insurers,https://www.nasdaq.com/symbol/wltw,
488,WYNN,"Wynn Resorts, Limited",116.22,1263000000000.0,2002.0,Consumer Services,Hotels/Resorts,https://www.nasdaq.com/symbol/wynn,
489,XEL,Xcel Energy Inc.,47.62,2424000000000.0,,Public Utilities,Power Generation,https://www.nasdaq.com/symbol/xel,
490,XLNX,"Xilinx, Inc.",73.99,1871000000000.0,1990.0,Technology,Semiconductors,https://www.nasdaq.com/symbol/xlnx,
491,ZION,Zions Bancorporation N.A.,49.18,956000000000.0,,Finance,Major Banks,https://www.nasdaq.com/symbol/zion,
